{
  "uri": "https://bicon.net.solidwallet.io/api/v3",
  "nid": "0x3",
  "keyStore": null,
  "from": "hx55814f724bbffe49bfa4555535cd9d7e0e1dff32",
  "to": "cx0000000000000000000000000000000000000000",
  "deploy": {
    "stepLimit": "0x279d7dae0",
    "contentType": "zip",
    "mode": "install",
    "scoreParams": {
      "bridge_address": "cx947d7eb9766c4a59a127967574add8bf22304c8e",
      "req_template": "0000000966726f6d5f7363616e000000000000000b00000008000000000000000100000000000000040000000000000004"
    }
  },
  "txresult": {},
  "transfer": {
    "stepLimit": "0x300000"
  }
}
