{
  "jsonrpc": "2.0",
  "method": "icx_sendTransaction",
  "params": {
    "version": "0x3",
    "from": "hx55814f724bbffe49bfa4555535cd9d7e0e1dff32",
    "value": "0x0",
    "stepLimit": "0x3000000",
    "timestamp": "0x59aaeb314a940",
    "nid": "0x3",
    "nonce": "0x1",
    "to": "cxc79c2120992356eac409d5cf5ff650f2780a6995",
    "dataType": "call",
    "data": {
      "method": "relay",
      "params": {
        "_symbols": "[\"BTC\",\"ETH\",\"BAND\",\"ICX\",\"SUSD\"]",
        "_rates": "[16000000000, 8000000000, 4000000000, 2000000000, 1000000000]",
        "_resolve_times": "[1600419716, 1600419717, 1600419718, 1600419719, 1600419720]",
        "_request_ids": "[1, 2, 3, 4, 5]"
      }
    }
  },
  "id": 1
}
